{
  "metadata": {
    "timestamp": "2025-05-17T09:48:04.597868",
    "count": 10
  },
  "contests": [
    {
      "duration": 6000,
      "end": "2025-06-28T13:40:00",
      "event": "AtCoder Beginner Contest 412",
      "host": "atcoder.jp",
      "href": "https://atcoder.jp/contests/abc412",
      "id": 59080715,
      "n_problems": null,
      "n_statistics": null,
      "parsed_at": null,
      "problems": null,
      "resource": "atcoder.jp",
      "resource_id": 93,
      "start": "2025-06-28T12:00:00",
      "start_datetime": "2025-06-28 05:30 PM IST",
      "end_datetime": "2025-06-28 07:10 PM IST",
      "platform_display_name": "AtCoder"
    },
    {
      "duration": 18000,
      "end": "2025-07-17T08:00:00",
      "event": "World Tour Finals 2025 Algorithm",
      "host": "atcoder.jp",
      "href": "https://atcoder.jp/contests/awtf2025algo",
      "id": 57719330,
      "n_problems": null,
      "n_statistics": null,
      "parsed_at": null,
      "problems": null,
      "resource": "atcoder.jp",
      "resource_id": 93,
      "start": "2025-07-17T03:00:00",
      "start_datetime": "2025-07-17 08:30 AM IST",
      "end_datetime": "2025-07-17 01:30 PM IST",
      "platform_display_name": "AtCoder"
    },
    {
      "duration": 14400,
      "end": "2025-05-18T14:00:00",
      "event": "Toyota Programming Contest 2025#2\uff08AtCoder Heuristic Contest 047\uff09",
      "host": "atcoder.jp",
      "href": "https://atcoder.jp/contests/ahc047",
      "id": 59153794,
      "n_problems": null,
      "n_statistics": null,
      "parsed_at": null,
      "problems": null,
      "resource": "atcoder.jp",
      "resource_id": 93,
      "start": "2025-05-18T10:00:00",
      "start_datetime": "2025-05-18 03:30 PM IST",
      "end_datetime": "2025-05-18 07:30 PM IST",
      "platform_display_name": "AtCoder"
    },
    {
      "duration": 6000,
      "end": "2025-05-24T13:40:00",
      "event": "AtCoder Beginner Contest 407",
      "host": "atcoder.jp",
      "href": "https://atcoder.jp/contests/abc407",
      "id": 59200180,
      "n_problems": null,
      "n_statistics": null,
      "parsed_at": null,
      "problems": null,
      "resource": "atcoder.jp",
      "resource_id": 93,
      "start": "2025-05-24T12:00:00",
      "start_datetime": "2025-05-24 05:30 PM IST",
      "end_datetime": "2025-05-24 07:10 PM IST",
      "platform_display_name": "AtCoder"
    },
    {
      "duration": 6000,
      "end": "2025-05-17T13:40:00",
      "event": "Panasonic Programming Contest 2025\uff08AtCoder Beginner Contest 406\uff09",
      "host": "atcoder.jp",
      "href": "https://atcoder.jp/contests/abc406",
      "id": 58987526,
      "n_problems": null,
      "n_statistics": null,
      "parsed_at": null,
      "problems": null,
      "resource": "atcoder.jp",
      "resource_id": 93,
      "start": "2025-05-17T12:00:00",
      "start_datetime": "2025-05-17 05:30 PM IST",
      "end_datetime": "2025-05-17 07:10 PM IST",
      "platform_display_name": "AtCoder"
    },
    {
      "duration": 18000,
      "end": "2025-07-17T08:00:00",
      "event": "World Tour Finals 2025 Algorithm\uff08Open Contest\uff09",
      "host": "atcoder.jp",
      "href": "https://atcoder.jp/contests/awtf2025algo-open",
      "id": 57719331,
      "n_problems": null,
      "n_statistics": null,
      "parsed_at": null,
      "problems": null,
      "resource": "atcoder.jp",
      "resource_id": 93,
      "start": "2025-07-17T03:00:00",
      "start_datetime": "2025-07-17 08:30 AM IST",
      "end_datetime": "2025-07-17 01:30 PM IST",
      "platform_display_name": "AtCoder"
    },
    {
      "duration": 7200,
      "end": "2025-05-25T14:00:00",
      "event": "AtCoder Regular Contest 198 (Div. 2)",
      "host": "atcoder.jp",
      "href": "https://atcoder.jp/contests/arc198",
      "id": 59357066,
      "n_problems": null,
      "n_statistics": null,
      "parsed_at": null,
      "problems": null,
      "resource": "atcoder.jp",
      "resource_id": 93,
      "start": "2025-05-25T12:00:00",
      "start_datetime": "2025-05-25 05:30 PM IST",
      "end_datetime": "2025-05-25 07:30 PM IST",
      "platform_display_name": "AtCoder"
    },
    {
      "duration": 864000,
      "end": "2025-06-09T10:00:00",
      "event": "MC Digital Programming Contest 2025 (AtCoder Heuristic Contest 048)",
      "host": "atcoder.jp",
      "href": "https://atcoder.jp/contests/ahc048",
      "id": 58846684,
      "n_problems": null,
      "n_statistics": null,
      "parsed_at": null,
      "problems": null,
      "resource": "atcoder.jp",
      "resource_id": 93,
      "start": "2025-05-30T10:00:00",
      "start_datetime": "2025-05-30 03:30 PM IST",
      "end_datetime": "2025-06-09 03:30 PM IST",
      "platform_display_name": "AtCoder"
    },
    {
      "duration": 6000,
      "end": "2025-06-14T13:40:00",
      "event": "AtCoder Beginner Contest 410",
      "host": "atcoder.jp",
      "href": "https://atcoder.jp/contests/abc410",
      "id": 57669670,
      "n_problems": null,
      "n_statistics": null,
      "parsed_at": null,
      "problems": null,
      "resource": "atcoder.jp",
      "resource_id": 93,
      "start": "2025-06-14T12:00:00",
      "start_datetime": "2025-06-14 05:30 PM IST",
      "end_datetime": "2025-06-14 07:10 PM IST",
      "platform_display_name": "AtCoder"
    },
    {
      "duration": 7200,
      "end": "2025-06-22T14:00:00",
      "event": "AtCoder Regular Contest 201",
      "host": "atcoder.jp",
      "href": "https://atcoder.jp/contests/arc201",
      "id": 59080714,
      "n_problems": null,
      "n_statistics": null,
      "parsed_at": null,
      "problems": null,
      "resource": "atcoder.jp",
      "resource_id": 93,
      "start": "2025-06-22T12:00:00",
      "start_datetime": "2025-06-22 05:30 PM IST",
      "end_datetime": "2025-06-22 07:30 PM IST",
      "platform_display_name": "AtCoder"
    }
  ]
}